disease_en,disease_th,drug_generic,drug_th,ed_category,ed_category_meaning,reimbursement_note,indication_th,dose_note,prescription_tier,source_xls_row
Fungal infection,การติดเชื้อรา,Clotrimazole,โคลไตรมาโซล (cream/ครีม),ก,ยาจำเป็นพื้นฐาน — เบิกได้ทุกสิทธิ (🟢),บัตรทอง/ประกันสังคม/ข้าราชการ เบิกได้ทุกกรณีไม่มีเงื่อนไข,เชื้อรากลาก/เกลื้อน/แคนดิดาที่ผิวหนัง,ทาบาง ๆ วันละ 2-3 ครั้ง 2-4 สัปดาห์,pharmacy,421
Fungal infection,การติดเชื้อรา,Fluconazole,ฟลูโคนาโซล (oral),ก,ยาจำเป็นพื้นฐาน — เบิกได้ทุกสิทธิ (🟢),บัตรทอง/ประกันสังคม/ข้าราชการ เบิกได้ทุกกรณีไม่มีเงื่อนไข,เชื้อราในช่องปาก/ช่องคลอด/เชื้อราระบบ,150 mg ครั้งเดียว (ช่องคลอด) หรือ 50-100 mg/วัน,doctor,312
Allergy,ภูมิแพ้,Chlorpheniramine,คลอเฟนิรามีน (CPM),ก,ยาจำเป็นพื้นฐาน — เบิกได้ทุกสิทธิ (🟢),บัตรทอง/ประกันสังคม/ข้าราชการ เบิกได้ทุกกรณีไม่มีเงื่อนไข,ลมพิษ ผื่นแพ้ คันจมูก-น้ำมูกจากภูมิแพ้,4 mg ทุก 4-6 ชม. (ระวังง่วง),otc,125
Allergy,ภูมิแพ้,Loratadine,ลอราทาดีน,ก,ยาจำเป็นพื้นฐาน — เบิกได้ทุกสิทธิ (🟢),บัตรทอง/ประกันสังคม/ข้าราชการ เบิกได้ทุกกรณีไม่มีเงื่อนไข,ภูมิแพ้อากาศ ลมพิษ (ไม่ง่วง),10 mg วันละ 1 ครั้ง,pharmacy,129
Allergy,ภูมิแพ้,Adrenaline,อะดรีนาลีน (สำหรับ anaphylaxis),ก,ยาจำเป็นพื้นฐาน — เบิกได้ทุกสิทธิ (🟢),บัตรทอง/ประกันสังคม/ข้าราชการ เบิกได้ทุกกรณีไม่มีเงื่อนไข,แพ้รุนแรง (anaphylaxis) — หายใจไม่ออก/บวมหน้า,0.3-0.5 mg IM ที่ต้นขา · ห้องฉุกเฉินเท่านั้น,emergency,82
GERD,กรดไหลย้อน,Omeprazole,โอเมพราโซล,ก,ยาจำเป็นพื้นฐาน — เบิกได้ทุกสิทธิ (🟢),บัตรทอง/ประกันสังคม/ข้าราชการ เบิกได้ทุกกรณีไม่มีเงื่อนไข,กรดไหลย้อน แสบลิ้นปี่ แผลในกระเพาะ,20 mg วันละ 1 ครั้ง ก่อนอาหาร 30 นาที,pharmacy,12
GERD,กรดไหลย้อน,Aluminium hydroxide + Magnesium hydroxide,ยาลดกรด (Antacid น้ำ),ก,ยาจำเป็นพื้นฐาน — เบิกได้ทุกสิทธิ (🟢),บัตรทอง/ประกันสังคม/ข้าราชการ เบิกได้ทุกกรณีไม่มีเงื่อนไข,บรรเทากรดเกินเฉียบพลัน,15 ml หลังอาหาร/ก่อนนอน,otc,2
Chronic cholestasis,ภาวะคั่งน้ำดีเรื้อรัง,Ursodeoxycholic acid,เออร์โซดีออกซีโคลิก (UDCA),ง,ยาเฉพาะทาง — สั่งโดยแพทย์เฉพาะทาง (🟣),เบิกได้เฉพาะกรณีที่แพทย์เฉพาะทางสั่ง + ไม่มียา ก/ข/ค ใช้แทน,ภาวะคั่งน้ำดีเรื้อรัง · ละลายนิ่วน้ำดี,13-15 mg/kg/วัน แบ่ง 2 ครั้ง,doctor,39
Drug Reaction,ปฏิกิริยาแพ้ยา,Hydrocortisone,ไฮโดรคอร์ติโซน (IV),ก,ยาจำเป็นพื้นฐาน — เบิกได้ทุกสิทธิ (🟢),บัตรทอง/ประกันสังคม/ข้าราชการ เบิกได้ทุกกรณีไม่มีเงื่อนไข,แพ้ยาปานกลาง-รุนแรง · SJS/TEN ระยะเริ่มต้น,100-200 mg IV (ห้องฉุกเฉิน),emergency,392
Drug Reaction,ปฏิกิริยาแพ้ยา,Adrenaline,อะดรีนาลีน,ก,ยาจำเป็นพื้นฐาน — เบิกได้ทุกสิทธิ (🟢),บัตรทอง/ประกันสังคม/ข้าราชการ เบิกได้ทุกกรณีไม่มีเงื่อนไข,Anaphylaxis จากแพ้ยา,0.3-0.5 mg IM · เรียกรถพยาบาลทันที,emergency,82
Peptic ulcer diseae,แผลในกระเพาะอาหาร/ลำไส้,Omeprazole,โอเมพราโซล,ก,ยาจำเป็นพื้นฐาน — เบิกได้ทุกสิทธิ (🟢),บัตรทอง/ประกันสังคม/ข้าราชการ เบิกได้ทุกกรณีไม่มีเงื่อนไข,แผลในกระเพาะ/ลำไส้เล็กส่วนต้น,20-40 mg วันละ 1 ครั้ง 4-8 สัปดาห์,doctor,12
Peptic ulcer diseae,แผลในกระเพาะอาหาร/ลำไส้,Amoxicillin + Clarithromycin,เอม็อกซี่ + คลาริโทรมัยซิน (H. pylori),ก,ยาจำเป็นพื้นฐาน — เบิกได้ทุกสิทธิ (🟢),บัตรทอง/ประกันสังคม/ข้าราชการ เบิกได้ทุกกรณีไม่มีเงื่อนไข,กำจัดเชื้อ H. pylori ที่ทำให้เกิดแผลกระเพาะ,ใช้คู่กับ PPI 14 วัน (triple therapy),doctor,238
AIDS,เอดส์ (HIV/AIDS),Tenofovir + Lamivudine + Efavirenz,TLE regimen (สูตรหลักของไทย),ง,ยาเฉพาะทาง — สั่งโดยแพทย์เฉพาะทาง (🟣),เบิกได้เฉพาะกรณีที่แพทย์เฉพาะทางสั่ง + ไม่มียา ก/ข/ค ใช้แทน,HIV/AIDS · ยาต้านไวรัสสูตรพื้นฐาน,1 เม็ด/วัน ก่อนนอน · ตลอดชีวิต,specialist,346
AIDS,เอดส์ (HIV/AIDS),Co-trimoxazole,โคไตรมอกซาโซล (PCP prophylaxis),ก,ยาจำเป็นพื้นฐาน — เบิกได้ทุกสิทธิ (🟢),บัตรทอง/ประกันสังคม/ข้าราชการ เบิกได้ทุกกรณีไม่มีเงื่อนไข,ป้องกัน Pneumocystis pneumonia เมื่อ CD4 < 200,960 mg วันละครั้ง,doctor,3
Diabetes ,เบาหวาน,Metformin,เมทฟอร์มิน,ก,ยาจำเป็นพื้นฐาน — เบิกได้ทุกสิทธิ (🟢),บัตรทอง/ประกันสังคม/ข้าราชการ เบิกได้ทุกกรณีไม่มีเงื่อนไข,เบาหวานชนิดที่ 2 · ยา first-line,500-1000 mg วันละ 2 ครั้ง พร้อมอาหาร,doctor,380
Diabetes ,เบาหวาน,Glibenclamide,ไกลเบนคลาไมด์ (Sulfonylurea),ก,ยาจำเป็นพื้นฐาน — เบิกได้ทุกสิทธิ (🟢),บัตรทอง/ประกันสังคม/ข้าราชการ เบิกได้ทุกกรณีไม่มีเงื่อนไข,เบาหวานชนิดที่ 2 (เสริมเมื่อ Metformin ไม่พอ),2.5-5 mg ก่อนอาหารเช้า · ระวังน้ำตาลต่ำ,doctor,378
Diabetes ,เบาหวาน,Insulin,อินซูลิน,ก,ยาจำเป็นพื้นฐาน — เบิกได้ทุกสิทธิ (🟢),บัตรทอง/ประกันสังคม/ข้าราชการ เบิกได้ทุกกรณีไม่มีเงื่อนไข,เบาหวานชนิดที่ 1 หรือชนิดที่ 2 รุนแรง,ฉีดใต้ผิวหนังตามแพทย์สั่ง,specialist,372
Gastroenteritis,ลำไส้อักเสบ,Oral Rehydration Salts (ORS),ผงน้ำเกลือแร่ (ORS),ก,ยาจำเป็นพื้นฐาน — เบิกได้ทุกสิทธิ (🟢),บัตรทอง/ประกันสังคม/ข้าราชการ เบิกได้ทุกกรณีไม่มีเงื่อนไข,ป้องกัน/แก้ภาวะขาดน้ำจากท้องเสีย,ผสมน้ำต้มสุก 1 ซอง/แก้ว ดื่มทุกครั้งที่ถ่าย,otc,21
Gastroenteritis,ลำไส้อักเสบ,Loperamide,โลเพอราไมด์,ข,ยาที่ใช้ตามเงื่อนไข — เบิกได้บางกรณี (🟡),เบิกได้เมื่อมีข้อบ่งชี้ตามเงื่อนไขที่กำหนด · แพทย์ต้องระบุเหตุผล,ลดความถี่ของท้องเสียที่ไม่มีไข้/ไม่มีเลือด,เริ่ม 4 mg แล้ว 2 mg หลังถ่ายแต่ละครั้ง · ห้ามใช้ในเด็ก,pharmacy,23
Bronchial Asthma,หอบหืด,Salbutamol inhaler,ซัลบูทามอล (พ่นยา),ก,ยาจำเป็นพื้นฐาน — เบิกได้ทุกสิทธิ (🟢),บัตรทอง/ประกันสังคม/ข้าราชการ เบิกได้ทุกกรณีไม่มีเงื่อนไข,หอบหืดเฉียบพลัน · ขยายหลอดลม,พ่น 1-2 ครั้งทุก 4-6 ชม. เมื่อหอบ,doctor,109
Bronchial Asthma,หอบหืด,Budesonide inhaler,บูเดโซไนด์ (พ่นยา),ก,ยาจำเป็นพื้นฐาน — เบิกได้ทุกสิทธิ (🟢),บัตรทอง/ประกันสังคม/ข้าราชการ เบิกได้ทุกกรณีไม่มีเงื่อนไข,ควบคุมหอบหืดระยะยาว · ลดการอักเสบ,พ่น 200-400 mcg วันละ 2 ครั้ง · ใช้ทุกวัน,doctor,118
Hypertension ,ความดันโลหิตสูง,Amlodipine,แอมโลดิปีน (CCB),ก,ยาจำเป็นพื้นฐาน — เบิกได้ทุกสิทธิ (🟢),บัตรทอง/ประกันสังคม/ข้าราชการ เบิกได้ทุกกรณีไม่มีเงื่อนไข,ความดันโลหิตสูง · ขยายหลอดเลือด,5-10 mg วันละ 1 ครั้ง,doctor,71
Hypertension ,ความดันโลหิตสูง,Enalapril,เอนาลาพริล (ACE inhibitor),ก,ยาจำเป็นพื้นฐาน — เบิกได้ทุกสิทธิ (🟢),บัตรทอง/ประกันสังคม/ข้าราชการ เบิกได้ทุกกรณีไม่มีเงื่อนไข,ความดันสูง · ป้องกันไตเสื่อมในคนเบาหวาน,5-20 mg วันละ 1-2 ครั้ง · ระวังไอแห้ง,doctor,65
Hypertension ,ความดันโลหิตสูง,Hydrochlorothiazide,ไฮโดรคลอโรไทอาไซด์ (ยาขับปัสสาวะ),ก,ยาจำเป็นพื้นฐาน — เบิกได้ทุกสิทธิ (🟢),บัตรทอง/ประกันสังคม/ข้าราชการ เบิกได้ทุกกรณีไม่มีเงื่อนไข,ความดันสูง · เสริมเมื่อยาเดี่ยวไม่พอ,12.5-25 mg ตอนเช้า,doctor,43
Migraine,ไมเกรน,Paracetamol,พาราเซตามอล,ก,ยาจำเป็นพื้นฐาน — เบิกได้ทุกสิทธิ (🟢),บัตรทอง/ประกันสังคม/ข้าราชการ เบิกได้ทุกกรณีไม่มีเงื่อนไข,ปวดศีรษะไมเกรนระดับเบา,500-1000 mg ทุก 4-6 ชม. (ไม่เกิน 4 g/วัน),otc,178
Migraine,ไมเกรน,Ergotamine + Caffeine,เออร์โกตามีน + คาเฟอีน (Cafergot),ค,ยาโรงพยาบาล (hospital-specific) — ต้องอยู่ในบัญชี รพ. (🔵),เบิกได้เฉพาะ รพ. ที่มียานี้ในบัญชี · อาจต้องขอจาก รพ.ใหญ่,ไมเกรนระดับปานกลาง-รุนแรง,1-2 เม็ดเมื่อเริ่มปวด · ห้ามใช้ในคนความดันสูง,doctor,197
Migraine,ไมเกรน,Propranolol,โพรพราโนลอล (ป้องกันไมเกรน),ก,ยาจำเป็นพื้นฐาน — เบิกได้ทุกสิทธิ (🟢),บัตรทอง/ประกันสังคม/ข้าราชการ เบิกได้ทุกกรณีไม่มีเงื่อนไข,ป้องกันไมเกรนเรื้อรัง (≥4 ครั้ง/เดือน),40-80 mg วันละ 2 ครั้ง,doctor,57
Cervical spondylosis,หมอนรองกระดูกคอเสื่อม,Diclofenac,ไดโคลฟีแนค (NSAID),ก,ยาจำเป็นพื้นฐาน — เบิกได้ทุกสิทธิ (🟢),บัตรทอง/ประกันสังคม/ข้าราชการ เบิกได้ทุกกรณีไม่มีเงื่อนไข,ปวดคอจากหมอนรองกระดูกเสื่อม · ลดอักเสบ,25-50 mg วันละ 2-3 ครั้ง หลังอาหาร,pharmacy,577
Cervical spondylosis,หมอนรองกระดูกคอเสื่อม,Tolperisone,โทลเพอริโซน (คลายกล้ามเนื้อ),non-ED,ไม่อยู่ในบัญชียาหลัก — ซื้อเองที่ร้านยา/หา รพ.ที่มี (⚪),ไม่อยู่ในบัญชียาหลัก · ใช้สิทธิเบิกไม่ได้ · ต้องจ่ายเอง,ลดเกร็งกล้ามเนื้อคอ-บ่า,50-150 mg วันละ 3 ครั้ง,doctor,
Paralysis (brain hemorrhage),อัมพาต (เลือดออกในสมอง),Mannitol,แมนนิทอล (IV),ก,ยาจำเป็นพื้นฐาน — เบิกได้ทุกสิทธิ (🟢),บัตรทอง/ประกันสังคม/ข้าราชการ เบิกได้ทุกกรณีไม่มีเงื่อนไข,ลดความดันในสมอง · เลือดออกในสมองเฉียบพลัน,0.25-1 g/kg IV ใน รพ. (ห้องฉุกเฉิน),emergency,44
Paralysis (brain hemorrhage),อัมพาต (เลือดออกในสมอง),Nimodipine,ไนโมดิปีน,ง,ยาเฉพาะทาง — สั่งโดยแพทย์เฉพาะทาง (🟣),เบิกได้เฉพาะกรณีที่แพทย์เฉพาะทางสั่ง + ไม่มียา ก/ข/ค ใช้แทน,ป้องกัน vasospasm หลังเลือดออกใน subarachnoid,60 mg ทุก 4 ชม. 21 วัน · เฉพาะแพทย์ระบบประสาท,specialist,77
Jaundice,ดีซ่าน,Cholestyramine,โคเลสไทรามีน,ข,ยาที่ใช้ตามเงื่อนไข — เบิกได้บางกรณี (🟡),เบิกได้เมื่อมีข้อบ่งชี้ตามเงื่อนไขที่กำหนด · แพทย์ต้องระบุเหตุผล,ลดอาการคันจาก cholestasis (ไม่ใช่รักษาดีซ่าน),4 g วันละ 2-4 ครั้ง · กินก่อนยาอื่น 1 ชม.,doctor,37
Jaundice,ดีซ่าน,Vitamin K,วิตามินเค (phytomenadione),ก,ยาจำเป็นพื้นฐาน — เบิกได้ทุกสิทธิ (🟢),บัตรทอง/ประกันสังคม/ข้าราชการ เบิกได้ทุกกรณีไม่มีเงื่อนไข,ป้องกัน/แก้เลือดออกจากตับสร้าง prothrombin ลดลง,10 mg IM/IV ตามแพทย์,doctor,535
Malaria,มาลาเรีย (ไข้จับสั่น),Chloroquine,คลอโรควิน,ก,ยาจำเป็นพื้นฐาน — เบิกได้ทุกสิทธิ (🟢),บัตรทอง/ประกันสังคม/ข้าราชการ เบิกได้ทุกกรณีไม่มีเงื่อนไข,มาลาเรียจาก P. vivax (ที่ยังไวต่อยา),"10 mg/kg แล้ว 5 mg/kg ที่ 6, 24, 48 ชม.",doctor,350
Malaria,มาลาเรีย (ไข้จับสั่น),Artesunate,อาร์เทซูเนต (severe),ค,ยาโรงพยาบาล (hospital-specific) — ต้องอยู่ในบัญชี รพ. (🔵),เบิกได้เฉพาะ รพ. ที่มียานี้ในบัญชี · อาจต้องขอจาก รพ.ใหญ่,มาลาเรียรุนแรง (P. falciparum),"2.4 mg/kg IV ที่ 0, 12, 24 ชม. · เฉพาะ รพ.ใหญ่",specialist,353
Chicken pox,อีสุกอีใส,Calamine lotion,คาลาไมน์โลชั่น,ก,ยาจำเป็นพื้นฐาน — เบิกได้ทุกสิทธิ (🟢),บัตรทอง/ประกันสังคม/ข้าราชการ เบิกได้ทุกกรณีไม่มีเงื่อนไข,ลดคันจากตุ่มอีสุกอีใส,ทาบริเวณที่คัน วันละหลายครั้ง,otc,702
Chicken pox,อีสุกอีใส,Acyclovir,อะไซโคลเวียร์,ก,ยาจำเป็นพื้นฐาน — เบิกได้ทุกสิทธิ (🟢),บัตรทอง/ประกันสังคม/ข้าราชการ เบิกได้ทุกกรณีไม่มีเงื่อนไข,อีสุกอีใสในผู้ใหญ่/ภูมิคุ้มกันต่ำ/หญิงตั้งครรภ์,800 mg วันละ 5 ครั้ง × 7 วัน · เริ่มภายใน 24 ชม.,doctor,323
Dengue,ไข้เลือดออก,Paracetamol,พาราเซตามอล,ก,ยาจำเป็นพื้นฐาน — เบิกได้ทุกสิทธิ (🟢),บัตรทอง/ประกันสังคม/ข้าราชการ เบิกได้ทุกกรณีไม่มีเงื่อนไข,ลดไข้ในไข้เลือดออก ⚠ห้ามใช้ NSAIDs/แอสไพริน,10-15 mg/kg ทุก 4-6 ชม.,otc,178
Dengue,ไข้เลือดออก,Oral Rehydration Salts (ORS),ผงน้ำเกลือแร่ (ORS),ก,ยาจำเป็นพื้นฐาน — เบิกได้ทุกสิทธิ (🟢),บัตรทอง/ประกันสังคม/ข้าราชการ เบิกได้ทุกกรณีไม่มีเงื่อนไข,ป้องกัน plasma leakage · ดื่มน้ำให้พอ,ดื่มทีละน้อย ๆ บ่อย ๆ ตามแพทย์แนะ,otc,21
Typhoid,ไข้รากสาดน้อย (Typhoid),Ciprofloxacin,ไซโปรฟลอกซาซิน,ง,ยาเฉพาะทาง — สั่งโดยแพทย์เฉพาะทาง (🟣),เบิกได้เฉพาะกรณีที่แพทย์เฉพาะทางสั่ง + ไม่มียา ก/ข/ค ใช้แทน,ไข้รากสาดน้อย · ฆ่าเชื้อ Salmonella typhi,500 mg วันละ 2 ครั้ง × 7-14 วัน,doctor,277
Typhoid,ไข้รากสาดน้อย (Typhoid),Ceftriaxone,เซฟไทรอะโซน (IV),ค,ยาโรงพยาบาล (hospital-specific) — ต้องอยู่ในบัญชี รพ. (🔵),เบิกได้เฉพาะ รพ. ที่มียานี้ในบัญชี · อาจต้องขอจาก รพ.ใหญ่,Typhoid รุนแรง / drug-resistant,2 g IV วันละครั้ง × 10-14 วัน,doctor,255
hepatitis A,ไวรัสตับอักเสบเอ,Paracetamol,พาราเซตามอล (ระวังตับ),ก,ยาจำเป็นพื้นฐาน — เบิกได้ทุกสิทธิ (🟢),บัตรทอง/ประกันสังคม/ข้าราชการ เบิกได้ทุกกรณีไม่มีเงื่อนไข,ลดไข้/ปวดเมื่อยจาก HAV · ห้ามเกิน 2 g/วัน,500 mg ทุก 6 ชม. · งดเครื่องดื่มแอลกอฮอล์,otc,178
Hepatitis B,ไวรัสตับอักเสบบี,Tenofovir,เทโนโฟเวียร์,ง,ยาเฉพาะทาง — สั่งโดยแพทย์เฉพาะทาง (🟣),เบิกได้เฉพาะกรณีที่แพทย์เฉพาะทางสั่ง + ไม่มียา ก/ข/ค ใช้แทน,Chronic HBV (HBeAg+/eAg-),300 mg วันละครั้ง · ใช้ระยะยาว,specialist,346
Hepatitis B,ไวรัสตับอักเสบบี,Entecavir,เอ็นเทคาเวียร์,non-ED,ไม่อยู่ในบัญชียาหลัก — ซื้อเองที่ร้านยา/หา รพ.ที่มี (⚪),ไม่อยู่ในบัญชียาหลัก · ใช้สิทธิเบิกไม่ได้ · ต้องจ่ายเอง,Chronic HBV (alternative),0.5-1 mg วันละครั้ง ก่อนอาหาร 2 ชม.,specialist,
Hepatitis C,ไวรัสตับอักเสบซี,Sofosbuvir + Velpatasvir,โซโฟสบูเวียร์ + เวลปาตาสเวียร์ (DAA),non-ED,ไม่อยู่ในบัญชียาหลัก — ซื้อเองที่ร้านยา/หา รพ.ที่มี (⚪),ไม่อยู่ในบัญชียาหลัก · ใช้สิทธิเบิกไม่ได้ · ต้องจ่ายเอง,Chronic HCV ทุก genotype · cure rate >95%,1 เม็ด/วัน × 12 สัปดาห์,specialist,
Hepatitis D,ไวรัสตับอักเสบดี,Pegylated interferon alpha,เพ็กกีเลตเตด อินเตอร์เฟียรอน อัลฟา,non-ED,ไม่อยู่ในบัญชียาหลัก — ซื้อเองที่ร้านยา/หา รพ.ที่มี (⚪),ไม่อยู่ในบัญชียาหลัก · ใช้สิทธิเบิกไม่ได้ · ต้องจ่ายเอง,Chronic HDV (ต้องมี HBV ร่วม),180 mcg ฉีดใต้ผิวหนังสัปดาห์ละครั้ง × 48 สัปดาห์,specialist,
Hepatitis E,ไวรัสตับอักเสบอี,Ribavirin,ไรบาวิริน (เคส chronic ใน immunocompromised),จ2,ยาพิเศษ — ต้องขออนุมัติ + เงื่อนไขพิเศษ (🔴),"ต้องผ่านคณะกรรมการ + เงื่อนไขผู้ป่วยจำเพาะ (เช่น CD4, mutation)",HEV เรื้อรังในผู้ภูมิคุ้มกันต่ำ,10-12 mg/kg/วัน × 12 สัปดาห์ · เฉพาะ specialist,specialist,349
Alcoholic hepatitis,ตับอักเสบจากแอลกอฮอล์,Prednisolone,เพรดนิโซโลน,ก,ยาจำเป็นพื้นฐาน — เบิกได้ทุกสิทธิ (🟢),บัตรทอง/ประกันสังคม/ข้าราชการ เบิกได้ทุกกรณีไม่มีเงื่อนไข,Alcoholic hepatitis รุนแรง (Maddrey >32),40 mg/วัน × 28 วัน แล้ว taper,doctor,393
Alcoholic hepatitis,ตับอักเสบจากแอลกอฮอล์,Pentoxifylline,เพนทอกซิฟิลลีน,non-ED,ไม่อยู่ในบัญชียาหลัก — ซื้อเองที่ร้านยา/หา รพ.ที่มี (⚪),ไม่อยู่ในบัญชียาหลัก · ใช้สิทธิเบิกไม่ได้ · ต้องจ่ายเอง,Alcoholic hepatitis (กรณีให้ steroid ไม่ได้),400 mg วันละ 3 ครั้ง × 28 วัน,doctor,
Tuberculosis,วัณโรค,Isoniazid + Rifampicin + Pyrazinamide + Ethambutol,HRZE (สูตร 6 เดือน),ก,ยาจำเป็นพื้นฐาน — เบิกได้ทุกสิทธิ (🟢),บัตรทอง/ประกันสังคม/ข้าราชการ เบิกได้ทุกกรณีไม่มีเงื่อนไข,วัณโรคปอด initial phase 2 เดือน,1 ครั้ง/วันก่อนอาหาร · ห้ามขาดยา,doctor,295
Tuberculosis,วัณโรค,Isoniazid + Rifampicin,HR (สูตรต่อ 4 เดือน),ก,ยาจำเป็นพื้นฐาน — เบิกได้ทุกสิทธิ (🟢),บัตรทอง/ประกันสังคม/ข้าราชการ เบิกได้ทุกกรณีไม่มีเงื่อนไข,วัณโรค continuation phase,1 ครั้ง/วันก่อนอาหาร,doctor,295
Common Cold,หวัดธรรมดา,Paracetamol,พาราเซตามอล,ก,ยาจำเป็นพื้นฐาน — เบิกได้ทุกสิทธิ (🟢),บัตรทอง/ประกันสังคม/ข้าราชการ เบิกได้ทุกกรณีไม่มีเงื่อนไข,ลดไข้/ปวดเมื่อยจากหวัด,500-1000 mg ทุก 4-6 ชม.,otc,178
Common Cold,หวัดธรรมดา,Chlorpheniramine,คลอเฟนิรามีน,ก,ยาจำเป็นพื้นฐาน — เบิกได้ทุกสิทธิ (🟢),บัตรทอง/ประกันสังคม/ข้าราชการ เบิกได้ทุกกรณีไม่มีเงื่อนไข,ลดน้ำมูก/จาม,4 mg ทุก 4-6 ชม. (ทำให้ง่วง),otc,125
Pneumonia,ปอดบวม,Amoxicillin,อะม็อกซีซิลลิน,ก,ยาจำเป็นพื้นฐาน — เบิกได้ทุกสิทธิ (🟢),บัตรทอง/ประกันสังคม/ข้าราชการ เบิกได้ทุกกรณีไม่มีเงื่อนไข,ปอดบวมจาก S. pneumoniae (community),500 mg-1 g วันละ 3 ครั้ง × 7 วัน,doctor,238
Pneumonia,ปอดบวม,Ceftriaxone,เซฟไทรอะโซน (IV),ค,ยาโรงพยาบาล (hospital-specific) — ต้องอยู่ในบัญชี รพ. (🔵),เบิกได้เฉพาะ รพ. ที่มียานี้ในบัญชี · อาจต้องขอจาก รพ.ใหญ่,ปอดบวมรุนแรง · admit,1-2 g IV วันละครั้ง × 7-14 วัน,doctor,255
Dimorphic hemmorhoids(piles),ริดสีดวงทวาร,Diosmin + Hesperidin (Daflon),ไดออสมิน (Daflon),non-ED,ไม่อยู่ในบัญชียาหลัก — ซื้อเองที่ร้านยา/หา รพ.ที่มี (⚪),ไม่อยู่ในบัญชียาหลัก · ใช้สิทธิเบิกไม่ได้ · ต้องจ่ายเอง,ริดสีดวงทวาร · ลดบวมเส้นเลือด,500 mg วันละ 2-3 ครั้ง,pharmacy,
Dimorphic hemmorhoids(piles),ริดสีดวงทวาร,Lidocaine 2% + Hydrocortisone (Proctosedyl),ครีม/ยาเหน็บ Proctosedyl,ก,ยาจำเป็นพื้นฐาน — เบิกได้ทุกสิทธิ (🟢),บัตรทอง/ประกันสังคม/ข้าราชการ เบิกได้ทุกกรณีไม่มีเงื่อนไข,บรรเทาปวด/คันจากริดสีดวง,ทา/เหน็บวันละ 2 ครั้ง 5-7 วัน,pharmacy,49
Heart attack,กล้ามเนื้อหัวใจตายเฉียบพลัน,Aspirin,แอสไพริน (acute MI),ก,ยาจำเป็นพื้นฐาน — เบิกได้ทุกสิทธิ (🟢),บัตรทอง/ประกันสังคม/ข้าราชการ เบิกได้ทุกกรณีไม่มีเงื่อนไข,เคี้ยวทันทีเมื่อสงสัยหัวใจวาย,300 mg เคี้ยว 1 ครั้ง · เรียกรถพยาบาล,emergency,89
Heart attack,กล้ามเนื้อหัวใจตายเฉียบพลัน,Streptokinase,สเตรปโตไคเนส (thrombolysis),ก,ยาจำเป็นพื้นฐาน — เบิกได้ทุกสิทธิ (🟢),บัตรทอง/ประกันสังคม/ข้าราชการ เบิกได้ทุกกรณีไม่มีเงื่อนไข,ละลายลิ่มเลือดใน STEMI ภายใน 12 ชม.,1.5 ล้าน IU IV ใน 30-60 นาที · เฉพาะ ER,specialist,94
Varicose veins,เส้นเลือดขอด,Diosmin + Hesperidin (Daflon),ไดออสมิน (Daflon),non-ED,ไม่อยู่ในบัญชียาหลัก — ซื้อเองที่ร้านยา/หา รพ.ที่มี (⚪),ไม่อยู่ในบัญชียาหลัก · ใช้สิทธิเบิกไม่ได้ · ต้องจ่ายเอง,เส้นเลือดขอด · ลดบวม-ปวดขา,500 mg วันละ 2 ครั้ง,pharmacy,
Hypothyroidism,ภาวะไทรอยด์ทำงานต่ำ,Levothyroxine,เลโวไทร็อกซีน (Eltroxin),ก,ยาจำเป็นพื้นฐาน — เบิกได้ทุกสิทธิ (🟢),บัตรทอง/ประกันสังคม/ข้าราชการ เบิกได้ทุกกรณีไม่มีเงื่อนไข,ทดแทนฮอร์โมนไทรอยด์ที่ขาด,เริ่ม 25-50 mcg/วัน ก่อนอาหารเช้า 30 นาที · ต้องตรวจ TSH,doctor,385
Hyperthyroidism,ภาวะไทรอยด์ทำงานเกิน,Methimazole,เมทิมาโซล,ก,ยาจำเป็นพื้นฐาน — เบิกได้ทุกสิทธิ (🟢),บัตรทอง/ประกันสังคม/ข้าราชการ เบิกได้ทุกกรณีไม่มีเงื่อนไข,ลดการสร้างฮอร์โมนไทรอยด์,10-30 mg/วัน · ระวังเม็ดเลือดขาวต่ำ,doctor,390
Hyperthyroidism,ภาวะไทรอยด์ทำงานเกิน,Propylthiouracil (PTU),พีทียู (PTU),ก,ยาจำเป็นพื้นฐาน — เบิกได้ทุกสิทธิ (🟢),บัตรทอง/ประกันสังคม/ข้าราชการ เบิกได้ทุกกรณีไม่มีเงื่อนไข,Hyperthyroid ในหญิงตั้งครรภ์ trimester แรก,100 mg วันละ 3 ครั้ง,doctor,388
Hyperthyroidism,ภาวะไทรอยด์ทำงานเกิน,Propranolol,โพรพราโนลอล,ก,ยาจำเป็นพื้นฐาน — เบิกได้ทุกสิทธิ (🟢),บัตรทอง/ประกันสังคม/ข้าราชการ เบิกได้ทุกกรณีไม่มีเงื่อนไข,ลดอาการใจสั่น/มือสั่นจากไทรอยด์เกิน,20-40 mg วันละ 2-3 ครั้ง,doctor,57
Hypoglycemia,น้ำตาลในเลือดต่ำ,Glucose 50% IV,กลูโคส 50% IV,ก,ยาจำเป็นพื้นฐาน — เบิกได้ทุกสิทธิ (🟢),บัตรทอง/ประกันสังคม/ข้าราชการ เบิกได้ทุกกรณีไม่มีเงื่อนไข,น้ำตาลต่ำรุนแรง/หมดสติ,50 ml IV push (ห้องฉุกเฉิน),emergency,512
Hypoglycemia,น้ำตาลในเลือดต่ำ,Glucagon,กลูคากอน,non-ED,ไม่อยู่ในบัญชียาหลัก — ซื้อเองที่ร้านยา/หา รพ.ที่มี (⚪),ไม่อยู่ในบัญชียาหลัก · ใช้สิทธิเบิกไม่ได้ · ต้องจ่ายเอง,น้ำตาลต่ำที่ฉีดน้ำตาลไม่ได้,1 mg IM/SC ครั้งเดียว,emergency,
Osteoarthristis,ข้อเสื่อม,Paracetamol,พาราเซตามอล,ก,ยาจำเป็นพื้นฐาน — เบิกได้ทุกสิทธิ (🟢),บัตรทอง/ประกันสังคม/ข้าราชการ เบิกได้ทุกกรณีไม่มีเงื่อนไข,ปวดข้อจากเสื่อม (first-line),500-1000 mg ทุก 6 ชม.,otc,178
Osteoarthristis,ข้อเสื่อม,Diclofenac,ไดโคลฟีแนค (NSAID gel/oral),ก,ยาจำเป็นพื้นฐาน — เบิกได้ทุกสิทธิ (🟢),บัตรทอง/ประกันสังคม/ข้าราชการ เบิกได้ทุกกรณีไม่มีเงื่อนไข,ปวดข้อปานกลาง-รุนแรง,เจล: ทาวันละ 3-4 ครั้ง · เม็ด: 25-50 mg วันละ 2-3 ครั้ง,pharmacy,577
Arthritis,ข้ออักเสบ,Diclofenac,ไดโคลฟีแนค,ก,ยาจำเป็นพื้นฐาน — เบิกได้ทุกสิทธิ (🟢),บัตรทอง/ประกันสังคม/ข้าราชการ เบิกได้ทุกกรณีไม่มีเงื่อนไข,ลดปวด-อักเสบข้อ,25-50 mg วันละ 2-3 ครั้ง หลังอาหาร,pharmacy,577
Arthritis,ข้ออักเสบ,Methotrexate,เมโทเทรกเซต (DMARD),ข,ยาที่ใช้ตามเงื่อนไข — เบิกได้บางกรณี (🟡),เบิกได้เมื่อมีข้อบ่งชี้ตามเงื่อนไขที่กำหนด · แพทย์ต้องระบุเหตุผล,Rheumatoid arthritis · กดภูมิ,7.5-25 mg สัปดาห์ละครั้ง + Folic acid,specialist,719
(vertigo) Paroymsal  Positional Vertigo,เวียนศีรษะจากการเปลี่ยนท่า (BPPV),Betahistine,เบทาฮีสทีน,ข,ยาที่ใช้ตามเงื่อนไข — เบิกได้บางกรณี (🟡),เบิกได้เมื่อมีข้อบ่งชี้ตามเงื่อนไขที่กำหนด · แพทย์ต้องระบุเหตุผล,เวียนศีรษะ · ลด vertigo,8-16 mg วันละ 3 ครั้ง,doctor,177
(vertigo) Paroymsal  Positional Vertigo,เวียนศีรษะจากการเปลี่ยนท่า (BPPV),Cinnarizine,ซินนาริซีน,non-ED,ไม่อยู่ในบัญชียาหลัก — ซื้อเองที่ร้านยา/หา รพ.ที่มี (⚪),ไม่อยู่ในบัญชียาหลัก · ใช้สิทธิเบิกไม่ได้ · ต้องจ่ายเอง,เวียนศีรษะ/เมารถ,25 mg วันละ 3 ครั้ง,pharmacy,
Acne,สิว,Benzoyl peroxide,เบนซอยล์เปอร์ออกไซด์,non-ED,ไม่อยู่ในบัญชียาหลัก — ซื้อเองที่ร้านยา/หา รพ.ที่มี (⚪),ไม่อยู่ในบัญชียาหลัก · ใช้สิทธิเบิกไม่ได้ · ต้องจ่ายเอง,สิวอักเสบ/สิวอุดตัน (topical),ทาบาง ๆ วันละ 1-2 ครั้ง · ระคายผิว,otc,
Acne,สิว,Tretinoin,เทรทิโนอิน (Retinoid topical),ง,ยาเฉพาะทาง — สั่งโดยแพทย์เฉพาะทาง (🟣),เบิกได้เฉพาะกรณีที่แพทย์เฉพาะทางสั่ง + ไม่มียา ก/ข/ค ใช้แทน,สิวอุดตัน · เพิ่มการลอกผิว,ทาบาง ๆ ก่อนนอน · ระคายเคือง · เลี่ยงแดด,doctor,465
Acne,สิว,Isotretinoin,ไอโซเทรทิโนอิน (oral),non-ED,ไม่อยู่ในบัญชียาหลัก — ซื้อเองที่ร้านยา/หา รพ.ที่มี (⚪),ไม่อยู่ในบัญชียาหลัก · ใช้สิทธิเบิกไม่ได้ · ต้องจ่ายเอง,สิวรุนแรง/cystic acne,0.5-1 mg/kg/วัน × 16-24 สัปดาห์ · ห้ามตั้งครรภ์,specialist,
Urinary tract infection,การติดเชื้อทางเดินปัสสาวะ,Norfloxacin,นอร์ฟลอกซาซิน,ก,ยาจำเป็นพื้นฐาน — เบิกได้ทุกสิทธิ (🟢),บัตรทอง/ประกันสังคม/ข้าราชการ เบิกได้ทุกกรณีไม่มีเงื่อนไข,การติดเชื้อทางเดินปัสสาวะส่วนล่าง,400 mg วันละ 2 ครั้ง × 3-5 วัน,doctor,275
Urinary tract infection,การติดเชื้อทางเดินปัสสาวะ,Co-trimoxazole,โคไตรมอกซาโซล (Bactrim),ก,ยาจำเป็นพื้นฐาน — เบิกได้ทุกสิทธิ (🟢),บัตรทอง/ประกันสังคม/ข้าราชการ เบิกได้ทุกกรณีไม่มีเงื่อนไข,UTI · ทางเลือกราคาถูก,960 mg วันละ 2 ครั้ง × 3 วัน,doctor,3
Psoriasis,สะเก็ดเงิน,Betamethasone valerate,เบทาเมทาโซน (cream/ointment),ก,ยาจำเป็นพื้นฐาน — เบิกได้ทุกสิทธิ (🟢),บัตรทอง/ประกันสังคม/ข้าราชการ เบิกได้ทุกกรณีไม่มีเงื่อนไข,สะเก็ดเงินที่ผิวหนัง · ลดอักเสบ,ทาบาง ๆ วันละ 1-2 ครั้ง × 2-4 สัปดาห์ · ไม่ใช่หน้า,doctor,707
Psoriasis,สะเก็ดเงิน,Calcipotriol,แคลซิโพไทรออล,ง,ยาเฉพาะทาง — สั่งโดยแพทย์เฉพาะทาง (🟣),เบิกได้เฉพาะกรณีที่แพทย์เฉพาะทางสั่ง + ไม่มียา ก/ข/ค ใช้แทน,สะเก็ดเงิน · ลดการสร้างผิวหนังเกิน,ทาวันละ 2 ครั้ง · ไม่เกิน 100 g/สัปดาห์,doctor,721
Psoriasis,สะเก็ดเงิน,Methotrexate,เมโทเทรกเซต,ข,ยาที่ใช้ตามเงื่อนไข — เบิกได้บางกรณี (🟡),เบิกได้เมื่อมีข้อบ่งชี้ตามเงื่อนไขที่กำหนด · แพทย์ต้องระบุเหตุผล,สะเก็ดเงินรุนแรง/มี psoriatic arthritis,7.5-25 mg สัปดาห์ละครั้ง · เฉพาะ specialist,specialist,719
Impetigo,แผลพุพอง,Mupirocin,มูพิโรซิน (cream/ointment),ข,ยาที่ใช้ตามเงื่อนไข — เบิกได้บางกรณี (🟡),เบิกได้เมื่อมีข้อบ่งชี้ตามเงื่อนไขที่กำหนด · แพทย์ต้องระบุเหตุผล,แผลพุพอง (impetigo) บริเวณจำกัด,ทาวันละ 3 ครั้ง × 5-7 วัน,pharmacy,687
Impetigo,แผลพุพอง,Cloxacillin,คล็อกซาซิลลิน (oral),ก,ยาจำเป็นพื้นฐาน — เบิกได้ทุกสิทธิ (🟢),บัตรทอง/ประกันสังคม/ข้าราชการ เบิกได้ทุกกรณีไม่มีเงื่อนไข,Impetigo ลามกว้าง/รุนแรง,250-500 mg วันละ 4 ครั้ง × 7 วัน · ก่อนอาหาร 1 ชม.,doctor,240
Influenza,ไข้หวัดใหญ่,Oseltamivir,โอเซลทามิเวียร์ (Tamiflu),ค,ยาที่ใช้เฉพาะกรณี — ตามข้อบ่งชี้,เบิกได้ในกลุ่มเสี่ยง (เด็ก/สูงอายุ/หญิงตั้งครรภ์/ภูมิคุ้มกันต่ำ) ภายใน 48 ชม.,Influenza A/B confirmed หรือสงสัยในกลุ่มเสี่ยง,75 mg วันละ 2 ครั้ง × 5 วัน,doctor,
Influenza,ไข้หวัดใหญ่,Paracetamol,พาราเซตามอล,ก,ยาจำเป็นพื้นฐาน — เบิกได้ทุกสิทธิ (🟢),บัตรทอง/ประกันสังคม/ข้าราชการ เบิกได้ทุกกรณีไม่มีเงื่อนไข,ลดไข้ บรรเทาปวดเมื่อย,500 mg ทุก 4-6 ชม. (max 4 g/วัน),otc,
Influenza,ไข้หวัดใหญ่,Chlorpheniramine,คลอเฟนิรามีน (CPM),ก,ยาจำเป็นพื้นฐาน — เบิกได้ทุกสิทธิ (🟢),บัตรทอง/ประกันสังคม/ข้าราชการ เบิกได้ทุกกรณีไม่มีเงื่อนไข,บรรเทาน้ำมูก-คัดจมูก,4 mg ทุก 4-6 ชม. (ระวังง่วง),otc,
Influenza,ไข้หวัดใหญ่,Dextromethorphan,เด็กซ์โทรเมธอร์แฟน,ก,ยาจำเป็นพื้นฐาน — เบิกได้ทุกสิทธิ (🟢),บัตรทอง/ประกันสังคม/ข้าราชการ เบิกได้ทุกกรณีไม่มีเงื่อนไข,ระงับไอแห้ง (ไอไม่มีเสมหะ),15-30 mg ทุก 6-8 ชม.,otc,
Dehydration,ภาวะขาดน้ำ,Oral Rehydration Salt (ORS),ผงเกลือแร่ (ORS),ก,ยาจำเป็นพื้นฐาน — เบิกได้ทุกสิทธิ (🟢),บัตรทอง/ประกันสังคม/ข้าราชการ เบิกได้ทุกกรณีไม่มีเงื่อนไข,ภาวะขาดน้ำเล็กน้อย-ปานกลาง · ทดแทน electrolyte,1 ซองใน 200 ml น้ำ · ดื่มจิบช้าๆ ทุก 5-10 นาที,otc,
Dehydration,ภาวะขาดน้ำ,Normal Saline (0.9% NaCl IV),น้ำเกลือ NSS (IV),ก,ยาจำเป็นพื้นฐาน — เบิกได้ทุกสิทธิ (🟢),บัตรทอง/ประกันสังคม/ข้าราชการ เบิกได้ทุกกรณีไม่มีเงื่อนไข,ภาวะขาดน้ำรุนแรง · ปรับสมดุล electrolyte,500-1000 ml IV ใน 1-2 ชม. (ER setting),emergency,
Dehydration,ภาวะขาดน้ำ,Ringer's Lactate (RL),ริงเกอร์ แลคเตท (IV),ก,ยาจำเป็นพื้นฐาน — เบิกได้ทุกสิทธิ (🟢),บัตรทอง/ประกันสังคม/ข้าราชการ เบิกได้ทุกกรณีไม่มีเงื่อนไข,ภาวะขาดน้ำรุนแรง + แก้ acidosis,500-1000 ml IV (ER setting),emergency,
Pharyngitis,คออักเสบ / ต่อมทอนซิลอักเสบ,Penicillin V,เพนิซิลลิน วี (oral),ก,ยาจำเป็นพื้นฐาน — เบิกได้ทุกสิทธิ (🟢),บัตรทอง/ประกันสังคม/ข้าราชการ เบิกได้ทุกกรณีไม่มีเงื่อนไข,Strep pharyngitis ยืนยัน RADT/throat culture,500 mg วันละ 2-4 ครั้ง × 10 วัน · ก่อนอาหาร 1 ชม.,doctor,
Pharyngitis,คออักเสบ / ต่อมทอนซิลอักเสบ,Amoxicillin,อะม็อกซีซิลลิน,ก,ยาจำเป็นพื้นฐาน — เบิกได้ทุกสิทธิ (🟢),บัตรทอง/ประกันสังคม/ข้าราชการ เบิกได้ทุกกรณีไม่มีเงื่อนไข,Strep pharyngitis · ทางเลือก Penicillin V,500 mg วันละ 3 ครั้ง × 10 วัน หรือ 875 mg วันละ 2 ครั้ง,doctor,
Pharyngitis,คออักเสบ / ต่อมทอนซิลอักเสบ,Clarithromycin,คลาริโทรมัยซิน,ข,ยาที่ใช้ตามเงื่อนไข — เบิกได้บางกรณี (🟡),เบิกได้เมื่อมีข้อบ่งชี้ตามเงื่อนไขที่กำหนด · แพทย์ต้องระบุเหตุผล,Strep pharyngitis · กรณีแพ้ penicillin,250-500 mg วันละ 2 ครั้ง × 10 วัน,doctor,
Pharyngitis,คออักเสบ / ต่อมทอนซิลอักเสบ,Paracetamol,พาราเซตามอล,ก,ยาจำเป็นพื้นฐาน — เบิกได้ทุกสิทธิ (🟢),บัตรทอง/ประกันสังคม/ข้าราชการ เบิกได้ทุกกรณีไม่มีเงื่อนไข,ลดไข้ บรรเทาเจ็บคอ,500 mg ทุก 4-6 ชม. (max 4 g/วัน),otc,
Conjunctivitis,เยื่อบุตาอักเสบ (ตาแดง),Chloramphenicol eye drops,คลอแรมเฟนิคอล (ยาหยอดตา),ก,ยาจำเป็นพื้นฐาน — เบิกได้ทุกสิทธิ (🟢),บัตรทอง/ประกันสังคม/ข้าราชการ เบิกได้ทุกกรณีไม่มีเงื่อนไข,Bacterial conjunctivitis · first line,1-2 หยด ทุก 2 ชม. × 2 วัน · แล้วทุก 4 ชม. × 5 วัน,pharmacy,
Conjunctivitis,เยื่อบุตาอักเสบ (ตาแดง),Tobramycin eye drops,โทบรามัยซิน (ยาหยอดตา),ข,ยาที่ใช้ตามเงื่อนไข — เบิกได้บางกรณี (🟡),เบิกได้เมื่อมีข้อบ่งชี้ตามเงื่อนไขที่กำหนด · แพทย์ต้องระบุเหตุผล,Bacterial conjunctivitis · กรณีดื้อ Chloramphenicol,1-2 หยด ทุก 4 ชม. × 5-7 วัน,pharmacy,
Conjunctivitis,เยื่อบุตาอักเสบ (ตาแดง),Olopatadine eye drops,โอโลพาทาดีน (ยาหยอดตา),ข,ยาที่ใช้ตามเงื่อนไข — เบิกได้บางกรณี (🟡),เบิกได้เมื่อมีข้อบ่งชี้ตามเงื่อนไขที่กำหนด · แพทย์ต้องระบุเหตุผล,Allergic conjunctivitis · ลดคันและบวม,1 หยด วันละ 2 ครั้ง,doctor,
Conjunctivitis,เยื่อบุตาอักเสบ (ตาแดง),Artificial tears,น้ำตาเทียม,non-ED,ไม่อยู่ในบัญชียาหลัก — ซื้อเองที่ร้านยา/หา รพ.ที่มี (⚪),ไม่อยู่ในบัญชียาหลัก · ใช้สิทธิเบิกไม่ได้ · ต้องจ่ายเอง,Symptomatic relief · ทดแทนน้ำตา,1-2 หยด ตามต้องการ,otc,
Acute bronchitis,หลอดลมอักเสบเฉียบพลัน,Salbutamol inhaler,ซัลบูทามอล (พ่นสูด),ก,ยาจำเป็นพื้นฐาน — เบิกได้ทุกสิทธิ (🟢),บัตรทอง/ประกันสังคม/ข้าราชการ เบิกได้ทุกกรณีไม่มีเงื่อนไข,Bronchospasm · wheezing ในหลอดลมอักเสบ,2 puffs ทุก 4-6 ชม. ตามต้องการ,pharmacy,
Acute bronchitis,หลอดลมอักเสบเฉียบพลัน,Bromhexine,โบรเมกซีน (ยาขับเสมหะ),ก,ยาจำเป็นพื้นฐาน — เบิกได้ทุกสิทธิ (🟢),บัตรทอง/ประกันสังคม/ข้าราชการ เบิกได้ทุกกรณีไม่มีเงื่อนไข,Productive cough · ละลายเสมหะ,8 mg วันละ 3 ครั้ง,otc,
Acute bronchitis,หลอดลมอักเสบเฉียบพลัน,Dextromethorphan,เด็กซ์โทรเมธอร์แฟน,ก,ยาจำเป็นพื้นฐาน — เบิกได้ทุกสิทธิ (🟢),บัตรทอง/ประกันสังคม/ข้าราชการ เบิกได้ทุกกรณีไม่มีเงื่อนไข,Dry cough · ระงับไอแห้ง (ใช้เมื่อไม่มีเสมหะ),15-30 mg ทุก 6-8 ชม.,otc,
Acute bronchitis,หลอดลมอักเสบเฉียบพลัน,Paracetamol,พาราเซตามอล,ก,ยาจำเป็นพื้นฐาน — เบิกได้ทุกสิทธิ (🟢),บัตรทอง/ประกันสังคม/ข้าราชการ เบิกได้ทุกกรณีไม่มีเงื่อนไข,ลดไข้ บรรเทาเจ็บคอ/หน้าอก,500 mg ทุก 4-6 ชม. (max 4 g/วัน),otc,
Electrolyte imbalance,ภาวะเกลือแร่ผิดปกติ,Potassium Chloride (KCl),โพแทสเซียมคลอไรด์,ก,ยาจำเป็นพื้นฐาน — เบิกได้ทุกสิทธิ (🟢),บัตรทอง/ประกันสังคม/ข้าราชการ เบิกได้ทุกกรณีไม่มีเงื่อนไข,Hypokalemia (K < 3.5) · oral หรือ IV ขึ้นกับความรุนแรง,oral 600-1200 mg วันละ 2-4 ครั้ง · IV ใน ER,doctor,
Electrolyte imbalance,ภาวะเกลือแร่ผิดปกติ,Magnesium Sulfate,แมกนีเซียมซัลเฟต (IV),ก,ยาจำเป็นพื้นฐาน — เบิกได้ทุกสิทธิ (🟢),บัตรทอง/ประกันสังคม/ข้าราชการ เบิกได้ทุกกรณีไม่มีเงื่อนไข,Hypomagnesemia · arrhythmia ที่เกี่ยวกับ Mg,1-2 g IV ใน 5-60 นาที (ER setting),emergency,
Electrolyte imbalance,ภาวะเกลือแร่ผิดปกติ,Calcium gluconate,แคลเซียมกลูโคเนต (IV),ก,ยาจำเป็นพื้นฐาน — เบิกได้ทุกสิทธิ (🟢),บัตรทอง/ประกันสังคม/ข้าราชการ เบิกได้ทุกกรณีไม่มีเงื่อนไข,Symptomatic hypocalcemia · hyperkalemia (cardio-protect),1-2 g IV (ER setting),emergency,
Electrolyte imbalance,ภาวะเกลือแร่ผิดปกติ,Sodium Chloride 3% (Hypertonic saline),น้ำเกลือเข้มข้น 3% (IV),ข,ยาที่ใช้ตามเงื่อนไข — เบิกได้บางกรณี (🟡),เบิกได้เมื่อมีข้อบ่งชี้ตามเงื่อนไขที่กำหนด · แพทย์ต้องระบุเหตุผล,Severe symptomatic hyponatremia (Na < 125 + symptoms),100-150 ml IV ใน 10-20 นาที (ER),emergency,
Vitamin deficiency,ภาวะขาดวิตามิน/แร่ธาตุ,Cholecalciferol (Vitamin D3),วิตามิน D3 (โคเลแคลซิเฟอรอล),ก,ยาจำเป็นพื้นฐาน — เบิกได้ทุกสิทธิ (🟢),บัตรทอง/ประกันสังคม/ข้าราชการ เบิกได้ทุกกรณีไม่มีเงื่อนไข,Vitamin D deficiency (25-OH-D < 20 ng/ml),20000 IU สัปดาห์ละครั้ง × 8 สัปดาห์ แล้ว 800-2000 IU/วัน,pharmacy,
Vitamin deficiency,ภาวะขาดวิตามิน/แร่ธาตุ,Cyanocobalamin (Vitamin B12),วิตามิน B12 (ไซยาโนโคบาลามิน),ก,ยาจำเป็นพื้นฐาน — เบิกได้ทุกสิทธิ (🟢),บัตรทอง/ประกันสังคม/ข้าราชการ เบิกได้ทุกกรณีไม่มีเงื่อนไข,B12 deficiency · pernicious anemia · vegan/elderly,1000 mcg IM สัปดาห์ละครั้ง × 4 ครั้ง แล้วเดือนละครั้ง,doctor,
Vitamin deficiency,ภาวะขาดวิตามิน/แร่ธาตุ,Ferrous sulfate,เฟอร์รัสซัลเฟต (ธาตุเหล็ก),ก,ยาจำเป็นพื้นฐาน — เบิกได้ทุกสิทธิ (🟢),บัตรทอง/ประกันสังคม/ข้าราชการ เบิกได้ทุกกรณีไม่มีเงื่อนไข,Iron deficiency anemia · ในหญิงวัยเจริญพันธุ์/มีประจำเดือน,200 mg วันละ 1-3 ครั้ง · ก่อนอาหาร 1 ชม.,otc,
Vitamin deficiency,ภาวะขาดวิตามิน/แร่ธาตุ,Folic acid,กรดโฟลิก,ก,ยาจำเป็นพื้นฐาน — เบิกได้ทุกสิทธิ (🟢),บัตรทอง/ประกันสังคม/ข้าราชการ เบิกได้ทุกกรณีไม่มีเงื่อนไข,Folate deficiency · หญิงตั้งครรภ์ · macrocytic anemia,5 mg วันละ 1 ครั้ง,otc,
